{
  "EXT_SOURCE_3": 65.70674397555551,
  "EXT_SOURCE_2": 59.204447868059276,
  "FLAG_OWN_CAR": 56.05337715,
  "EXT_SOURCE_1": 28.130141364629626,
  "NAME_EDUCATION_TYPE": 27.10334708392858,
  "DAYS_EMPLOYED": 26.807152398028165,
  "AMT_REQ_CREDIT_BUREAU_QRT": 26.27056696538461,
  "CODE_GENDER": 23.508037143333333,
  "FLAG_DOCUMENT_3": 22.938104288571427,
  "REG_CITY_NOT_LIVE_CITY": 21.27030235,
  "REGION_RATING_CLIENT_W_CITY": 19.11364265285714,
  "AMT_GOODS_PRICE": 18.735464099180334,
  "REG_CITY_NOT_WORK_CITY": 17.71875,
  "DAYS_BIRTH": 17.703897932602736,
  "AMT_CREDIT": 17.130919467317067,
  "NAME_CONTRACT_TYPE": 16.846341129230765,
  "OWN_CAR_AGE": 16.17628668352941,
  "DEF_30_CNT_SOCIAL_CIRCLE": 15.849309206428572,
  "AMT_ANNUITY": 15.635650078540543,
  "REGION_RATING_CLIENT": 14.58280515,
  "FLAG_DOCUMENT_16": 14.199240053333334,
  "NAME_INCOME_TYPE": 12.735750714615385,
  "REG_REGION_NOT_WORK_REGION": 12.533392,
  "FLAG_DOCUMENT_18": 12.4410151325,
  "NAME_FAMILY_STATUS": 12.393253150666668,
  "FLOORSMAX_MODE": 11.8987314675,
  "TOTALAREA_MODE": 11.711991800000002,
  "FLAG_WORK_PHONE": 11.46645232857143,
  "AMT_REQ_CREDIT_BUREAU_MON": 11.226602115714286,
  "DAYS_ID_PUBLISH": 10.893388593448272,
  "FLAG_DOCUMENT_8": 10.7924252,
  "APARTMENTS_AVG": 10.766328664999998,
  "ENTRANCES_MODE": 10.47183314,
  "ORGANIZATION_TYPE": 10.44558177285714,
  "DEF_60_CNT_SOCIAL_CIRCLE": 10.406793717500001,
  "YEARS_BUILD_MODE": 10.205058488,
  "AMT_REQ_CREDIT_BUREAU_WEEK": 10.15146041,
  "FLOORSMIN_MEDI": 9.862842785,
  "YEARS_BEGINEXPLUATATION_MEDI": 9.747585491818182,
  "FLOORSMAX_AVG": 9.273304040000001,
  "LIVE_REGION_NOT_WORK_REGION": 9.25839043,
  "YEARS_BUILD_MEDI": 9.215346566666668,
  "FLAG_EMAIL": 9.19692993,
  "OCCUPATION_TYPE": 9.170993441250001,
  "DAYS_LAST_PHONE_CHANGE": 9.114628409230768,
  "FLOORSMAX_MEDI": 8.9655652125,
  "CNT_FAM_MEMBERS": 8.948583291111113,
  "NONLIVINGAPARTMENTS_MEDI": 8.84208839,
  "FLAG_PHONE": 8.828638646,
  "AMT_REQ_CREDIT_BUREAU_DAY": 8.587171675,
  "FLOORSMIN_AVG": 8.557581305000001,
  "WALLSMATERIAL_MODE": 8.3637074125,
  "ENTRANCES_AVG": 8.218150456666667,
  "AMT_REQ_CREDIT_BUREAU_YEAR": 8.129745321153846,
  "HOUSETYPE_MODE": 8.12493706,
  "APARTMENTS_MODE": 7.87265722875,
  "YEARS_BEGINEXPLUATATION_MODE": 7.851499663333333,
  "YEARS_BUILD_AVG": 7.77441149375,
  "YEARS_BEGINEXPLUATATION_AVG": 7.769949439999999,
  "LIVINGAREA_MEDI": 7.7112400249999995,
  "DAYS_REGISTRATION": 7.58917111577778,
  "LIVINGAREA_AVG": 7.532212365384615,
  "LANDAREA_MODE": 7.386278568,
  "BASEMENTAREA_MODE": 7.352972748666667,
  "REG_REGION_NOT_LIVE_REGION": 7.212193646666667,
  "REGION_POPULATION_RELATIVE": 7.085796857750002,
  "ELEVATORS_MEDI": 7.0845730300000005,
  "NONLIVINGAREA_MEDI": 7.063307419285715,
  "COMMONAREA_MODE": 7.061062509999999,
  "LIVINGAPARTMENTS_MEDI": 7.028862286000002,
  "AMT_INCOME_TOTAL": 7.00201877364,
  "NAME_TYPE_SUITE": 6.975227240000001,
  "OBS_60_CNT_SOCIAL_CIRCLE": 6.9652558092307695,
  "LANDAREA_MEDI": 6.9152295044444445,
  "LIVE_CITY_NOT_WORK_CITY": 6.8903745,
  "COMMONAREA_AVG": 6.871187244285714,
  "COMMONAREA_MEDI": 6.777428669090909,
  "LANDAREA_AVG": 6.764134887499999,
  "HOUR_APPR_PROCESS_START": 6.757009230952382,
  "ENTRANCES_MEDI": 6.73875609125,
  "NONLIVINGAREA_AVG": 6.72321973368421,
  "FLAG_EMP_PHONE": 6.71978855,
  "NAME_HOUSING_TYPE": 6.687240601666667,
  "LIVINGAPARTMENTS_MODE": 6.648570136666667,
  "FONDKAPREMONT_MODE": 6.602325619999999,
  "FLAG_OWN_REALTY": 6.577821445999999,
  "SK_ID_CURR": 6.46384567660606,
  "LIVINGAPARTMENTS_AVG": 6.339211804285715,
  "BASEMENTAREA_AVG": 6.282125489999999,
  "ELEVATORS_MODE": 6.1900301,
  "FLOORSMIN_MODE": 6.1855523980000005,
  "NONLIVINGAPARTMENTS_AVG": 6.172849042857143,
  "APARTMENTS_MEDI": 6.171899226111111,
  "NONLIVINGAREA_MODE": 5.999251322727273,
  "LIVINGAREA_MODE": 5.923560072857143,
  "FLAG_DOCUMENT_5": 5.663394925,
  "BASEMENTAREA_MEDI": 5.658671312,
  "WEEKDAY_APPR_PROCESS_START": 5.607199122857142,
  "OBS_30_CNT_SOCIAL_CIRCLE": 5.49395691,
  "ELEVATORS_AVG": 5.30172539,
  "CNT_CHILDREN": 4.511459924
}
